"Coffee (grams)""",Time,Time Prediction,Output,Grinder,Grinder Setting,Coffee,Arbitrary rating 1-10,Details,Brew Ratio,Machine,Date
18,27,,34.5,Niche Zero,10,Candlestick - Corrales Blend,7,spro,1.916666667,Linea Mini,
18,22,,38,Niche Zero,10,Candlestick - Corrales Blend,6,spro,2.111111111,Linea Mini,
18,31,,35.8,Niche Zero,9,Candlestick - Corrales Blend,8,spro,1.988888889,Linea Mini,
18,36,,36.8,Niche Zero,9,Candlestick - Corrales Blend,8,spro,2.044444444,Linea Mini,
18,33,,35.7,Niche Zero,9,Candlestick - Corrales Blend,7,spro,1.983333333,Linea Mini,
18,35,,36,Niche Zero,9,Candlestick - Corrales Blend,8,spro,2,Linea Mini,
18.1,30,,36,Niche Zero,9,Candlestick - Corrales Blend,8,spro,1.988950276,Linea Mini,
18,40,,36,Niche Zero,9,drive - le mans columbia,6,spro,2,Linea Mini,
18,25,,37.8,Niche Zero,11,drive - le mans columbia,7,spro,2.1,Linea Mini,
18,36,,38.7,Niche Zero,10,drive - le mans columbia,8,spro,2.15,Linea Mini,
18,26,,36.4,Niche Zero,10,drive - le mans columbia,8,spro,2.022222222,Linea Mini,
18,27,,35.6,Niche Zero,10,drive - le mans columbia,7,spro,1.977777778,Linea Mini,
18,32,,36,Niche Zero,10,pmc - kenya mchana estate honey,8,spro,2,Linea Mini,
18,30,,38,Niche Zero,11,pmc - kenya mchana estate honey,9,spro,2.111111111,Linea Mini,
18,31,,38,Niche Zero,10.5,pmc - kenya mchana estate honey,8,spro,2.111111111,Linea Mini,
18,34,,37,Niche Zero,11,pmc - kenya mchana estate honey,8,spro,2.055555556,Linea Mini,
17,32,,48,Niche Zero,10.5,pmc - kenya mchana estate honey,6,spro,2.823529412,Linea Mini,
18,31,,36,Niche Zero,12,drive - le mans columbia,8,spro,2,Linea Mini,
18.1,26,,37,MC3,9.25,barrington - 413,6,spro,2.044198895,Linea Mini,
18,25,,36,MC3,8.75,barrington - 413,7,spro,2,Linea Mini,
18,30,,37,MC3,8.5,barrington - 413,8,spro,2.055555556,Linea Mini,
18,38,,37,MC3,8.5,barrington - 413,6,spro,2.055555556,Linea Mini,
18,31,,36,MC3,8.5,Madcap - Yenni Reinoso,8,spro,2,Linea Mini,
18,25,,37,MC3,8.5,Madcap - Yenni Reinoso,7,spro,2.055555556,Linea Mini,
18,41,,36,MC3,8.5,barrington - 413,0,spro,2,Linea Mini,
18,8,,36,Niche Zero,16,Amazon Basic - Columbian Medium,0,waste,0,Linea Mini,
18,11,,36,Niche Zero,16,Amazon Basic - Columbian Medium,0,waste,0,Linea Mini,
18,9,,36,Niche Zero,16,Amazon Basic - Columbian Medium,0,waste,0,Linea Mini,
18,9,,36,Niche Zero,16,Amazon Basic - Columbian Medium,0,waste,0,Linea Mini,
18,11,,36,Niche Zero,15.5,Amazon Basic - Columbian Medium,0,waste,0,Linea Mini,
18,8,,36,Niche Zero,15.5,Amazon Basic - Columbian Medium,0,waste,0,Linea Mini,
18,9,,36,Niche Zero,15.5,Amazon Basic - Columbian Medium,0,waste,0,Linea Mini,
18,10,,36,Niche Zero,15.5,Amazon Basic - Columbian Medium,0,waste,0,Linea Mini,
18,9,,36,Niche Zero,15.5,Amazon Basic - Columbian Medium,0,waste,0,Linea Mini,
18,9,,36,Niche Zero,15.5,Amazon Basic - Columbian Medium,0,waste,0,Linea Mini,
18,9,,36,Niche Zero,15,Amazon Basic - Columbian Medium,0,waste,0,Linea Mini,
18,12,,36,Niche Zero,15,Amazon Basic - Columbian Medium,0,waste,0,Linea Mini,
18,11,,36,Niche Zero,15,Amazon Basic - Columbian Medium,0,waste,0,Linea Mini,
18,9,,36,Niche Zero,15,Amazon Basic - Columbian Medium,0,waste,0,Linea Mini,
18,9,,36,Niche Zero,15,Amazon Basic - Columbian Medium,0,waste,0,Linea Mini,
18,9,,36,Niche Zero,14.5,Amazon Basic - Columbian Medium,0,waste,0,Linea Mini,
18,9,,36,Niche Zero,14.5,Amazon Basic - Columbian Medium,0,waste,0,Linea Mini,
18,11,,36,Niche Zero,14.5,Amazon Basic - Columbian Medium,0,waste,0,Linea Mini,
18,10,,36,Niche Zero,14.5,Amazon Basic - Columbian Medium,0,waste,0,Linea Mini,
18,9,,36,Niche Zero,14.5,Amazon Basic - Columbian Medium,0,waste,0,Linea Mini,
18,28,,36,MC3,8.5,Madcap - Yenni Reinoso,7,spro,2,Linea Mini,
18,27,,36,MC3,8.5,Madcap - Yenni Reinoso,7,spro,2,Linea Mini,
18,29,,36,MC3,8.5,Madcap - Yenni Reinoso,8,spro,2,Linea Mini,
18,29,,36,MC3,8.5,Madcap - Yenni Reinoso,8,spro,2,Linea Mini,
18,13,,36,Niche Zero,14,Amazon Basic - Columbian Medium,0,waste,0,Linea Mini,
18,13,,36,Niche Zero,14,Amazon Basic - Columbian Medium,0,waste,0,Linea Mini,
18,12,,36,Niche Zero,14,Amazon Basic - Columbian Medium,0,waste,0,Linea Mini,
18,11,,36,Niche Zero,14,Amazon Basic - Columbian Medium,0,waste,0,Linea Mini,
18,11,,36,Niche Zero,14,Amazon Basic - Columbian Medium,0,waste,0,Linea Mini,
18,14,,36,Niche Zero,13.5,Amazon Basic - Columbian Medium,0,waste,0,Linea Mini,
18,14,,36,Niche Zero,13.5,Amazon Basic - Columbian Medium,0,waste,0,Linea Mini,
18,14,,36,Niche Zero,13.5,Amazon Basic - Columbian Medium,0,waste,0,Linea Mini,
18,15,,36,Niche Zero,13.5,Amazon Basic - Columbian Medium,0,waste,0,Linea Mini,
18,16,,36,Niche Zero,13.5,Amazon Basic - Columbian Medium,0,waste,0,Linea Mini,
18,14,,36,Niche Zero,13,Amazon Basic - Columbian Medium,0,waste,0,Linea Mini,
18,15,,36,Niche Zero,13,Amazon Basic - Columbian Medium,0,waste,0,Linea Mini,
18,15,,36,Niche Zero,13,Amazon Basic - Columbian Medium,0,waste,0,Linea Mini,
18,14,,36,Niche Zero,13,Amazon Basic - Columbian Medium,0,waste,0,Linea Mini,
18,14,,36,Niche Zero,13,Amazon Basic - Columbian Medium,0,waste,0,Linea Mini,
18,16,,36,Niche Zero,12.5,Amazon Basic - Columbian Medium,0,waste,0,Linea Mini,
18,16,,36,Niche Zero,12.5,Amazon Basic - Columbian Medium,0,waste,0,Linea Mini,
18,17,,36,Niche Zero,12.5,Amazon Basic - Columbian Medium,0,waste,0,Linea Mini,
18,17,,36,Niche Zero,12.5,Amazon Basic - Columbian Medium,0,waste,0,Linea Mini,
18,16,,36,Niche Zero,12.5,Amazon Basic - Columbian Medium,0,waste,0,Linea Mini,
18,26,,36,Niche Zero,10,Amazon Basic - Columbian Medium,0,waste,0,Linea Mini,
18,25,,36,Niche Zero,10,Amazon Basic - Columbian Medium,0,waste,0,Linea Mini,
18,25,,36,Niche Zero,10,Amazon Basic - Columbian Medium,0,waste,0,Linea Mini,
18,25,,36,Niche Zero,10,Amazon Basic - Columbian Medium,0,waste,0,Linea Mini,
18,26,,36,Niche Zero,10,Amazon Basic - Columbian Medium,0,waste,0,Linea Mini,
18,25,,36,MC3,8.5,Madcap - Yenni Reinoso,8,spro,2,Linea Mini,
18,29,,36,MC3,8.25,Madcap - Yenni Reinoso,8,spro,2,Linea Mini,
18,30,,37,MC3,8.25,Madcap - Yenni Reinoso,8,spro,2.055555556,Linea Mini,
18,29,,36,MC3,8.25,Madcap - Yenni Reinoso,8,spro,2,Linea Mini,
18,31,,36,MC3,8.25,Madcap - Yenni Reinoso,8,spro,2,Linea Mini,
18,26,,36,MC3,8.25,Madcap - Yenni Reinoso,7,spro,2,Linea Mini,
18,23,,30,MC3,8.25,Madcap - Yenni Reinoso,7,bork,0,Linea Mini,
18,30,,36,MC3,8.25,Madcap - Yenni Reinoso,7,spro,2,Linea Mini,
18,26,,36,MC3,8.25,Madcap - Yenni Reinoso,5,spro,2,Linea Mini,
18,40,,36,MC3,8,Madcap - Yenni Reinoso,5,spro,2,Linea Mini,
18,29,,36,MC3,8.25,Madcap - Yenni Reinoso,5,spro,2,Linea Mini,
18,43,,36,Niche Zero,8,Candlestick - Columbia,0,waste,0,Linea Mini,
18,45,,36,Niche Zero,8,Candlestick - Columbia,0,waste,0,Linea Mini,
18,47,,36,Niche Zero,8,Candlestick - Columbia,0,waste,0,Linea Mini,
18,46,,36,Niche Zero,8,Candlestick - Columbia,0,waste,0,Linea Mini,
18,42,,36,Niche Zero,8,Candlestick - Columbia,0,waste,0,Linea Mini,
18,42,,36,Niche Zero,8,Candlestick - Columbia,0,waste,0,Linea Mini,
18,36,,36,Niche Zero,8,Candlestick - Columbia,0,waste,0,Linea Mini,
18,40,,36,Niche Zero,8,Candlestick - Columbia,0,waste,0,Linea Mini,
18,36,,36,Niche Zero,8,Candlestick - Columbia,0,waste,0,Linea Mini,
18,44,,36,Niche Zero,8,Candlestick - Columbia,0,waste,0,Linea Mini,
18,36,,36,Niche Zero,8,Amazon Basic - Columbian Medium,0,waste,0,Linea Mini,
18,35,,36,Niche Zero,8,Amazon Basic - Columbian Medium,0,waste,0,Linea Mini,
18,33,,36,Niche Zero,8,Amazon Basic - Columbian Medium,0,waste,0,Linea Mini,
18,37,,36,Niche Zero,8,Amazon Basic - Columbian Medium,0,waste,0,Linea Mini,
18,46,,36,Niche Zero,8,Amazon Basic - Columbian Medium,0,waste,0,Linea Mini,
18,34,,36,Niche Zero,8,Amazon Basic - Columbian Medium,0,waste,0,Linea Mini,
18,31,,36,MC3,8.25,Madcap - Yenni Reinoso,7,spro,2,Linea Mini,
18,34,,36,MC3,8.25,Madcap - Yenni Reinoso,7,spro,2,Linea Mini,
18,36,,36,MC3,8.5,barrington - 413,8,spro,2,Linea Mini,
18,39,,36,MC3,8.5,barrington - 413,6,spro,2,Linea Mini,
18,36,,36,Niche Zero,8,Candlestick - Columbia,0,waste,0,Linea Mini,
18,40,,36,Niche Zero,7.5,Candlestick - Columbia,0,waste,0,Linea Mini,
18,43,,36,Niche Zero,7.5,Candlestick - Columbia,0,waste,0,Linea Mini,
18,44,,36,Niche Zero,7.5,Candlestick - Columbia,0,waste,0,Linea Mini,
18,38,,36,MC3,8.5,barrington - 413,6,spro,2,Linea Mini,
18,38,,36,MC3,8.75,barrington - 413,6,spro,2,Linea Mini,
18,30,,36,MC3,9,barrington - 413,6,spro,2,Linea Mini,
18,37,,36,MC3,9,barrington - 413,6,spro,2,Linea Mini,
18,35,,36,MC3,9,barrington - 413,6,spro,2,Linea Mini,
18,22,,36,MC3,9,Onyx - El Salvador Santa Rosa Honey,5,spro,2,Linea Mini,
18,26,,36,MC3,8.5,Onyx - El Salvador Santa Rosa Honey,7,spro,2,Linea Mini,
18,35,,36,MC3,8,Onyx - El Salvador Santa Rosa Honey,7,spro,2,Linea Mini,
18,57,,36,MC3,8,Onyx - Decaf Ethiopian Guji Natural,3,spro,2,Linea Mini,
18,35,,36,MC3,9,Onyx - Decaf Ethiopian Guji Natural,6,spro,2,Linea Mini,
18,45,,36,MC3,8.75,barrington - 413,6,spro,2,Linea Mini,
18,39,,36,MC3,7.75,Onyx - El Slvador Santa Rosa Honey,6,spro,2,Linea Mini,
18,32,,36,MC3,8.25,Onyx - El Slvador Santa Rosa Honey,7,spro,2,Linea Mini,
18,30,,36,MC3,8.25,Onyx - El Slvador Santa Rosa Honey,8,spro,2,Linea Mini,
18,30,,36,MC3,8.25,Onyx - El Slvador Santa Rosa Honey,8,spro,2,Linea Mini,
18,33,,36,MC3,8.25,Onyx - El Slvador Santa Rosa Honey,8,spro,2,Linea Mini,
18,36,,36,MC3,8.25,Onyx - El Slvador Santa Rosa Honey,8,spro,2,Linea Mini,
18,32,,36,MC3,8.25,Onyx - El Slvador Santa Rosa Honey,8,spro,2,Linea Mini,
18,30,,36,MC3,8.25,Onyx - El Slvador Santa Rosa Honey,8,spro,2,Linea Mini,
18,31,,36,MC3,8.25,Onyx - El Slvador Santa Rosa Honey,8,spro,2,Linea Mini,
18,29,,36,MC3,8.25,Onyx - El Slvador Santa Rosa Honey,7,spro,2,Linea Mini,
18,36,,36,MC3,8.25,Onyx - El Slvador Santa Rosa Honey,4,spro,2,Linea Mini,
18,56,,36,MC3,8.5,Madcap - Third Coast,0,spro,2,Linea Mini,
18,34,,36,MC3,9.5,Madcap - Third Coast,7,spro,2,Linea Mini,
18,33,,36,MC3,9.625,Madcap - Third Coast,7,spro,2,Linea Mini,
18,28,,36,MC3,9.625,Madcap - Third Coast,7,spro,2,Linea Mini,
18,24,,36,Niche Zero,11,Candlestick - Columbia,0,waste,0,Linea Mini,
18,29,,36,Niche Zero,11,Candlestick - Guatemala,0,waste,0,Linea Mini,
18,34,,36,Niche Zero,11,Candlestick - Guatemala,0,waste,0,Linea Mini,
18,22,,36,Niche Zero,13,Candlestick - Guatemala,0,waste,0,Linea Mini,
18,26,,36,Niche Zero,13,Candlestick - Guatemala,0,waste,0,Linea Mini,
18,20,,36,Niche Zero,13.5,Candlestick - Guatemala,0,waste,0,Linea Mini,
18,20,,36,Niche Zero,13.5,Candlestick - Guatemala,0,waste,0,Linea Mini,
18,22,,36,Niche Zero,13.5,Candlestick - Guatemala,0,waste,0,Linea Mini,
18,21,,36,Niche Zero,13.5,Candlestick - Guatemala,0,waste,0,Linea Mini,
18,19,,36,Niche Zero,14,Candlestick - Guatemala,0,waste,0,Linea Mini,
18,19,,36,Niche Zero,14,Candlestick - Guatemala,0,waste,0,Linea Mini,
18,5,,36,Niche Zero,25,Candlestick - Guatemala,0,waste,0,Linea Mini,
0,3,,36,None,None,Empty Portafilter,0,Finding floor of espresso pull time,0,Linea Mini,
18,5,,36,Niche Zero,25,Candlestick - Guatemala,0,waste,0,Linea Mini,
18,8,,36,Niche Zero,20,Candlestick - Guatemala,0,waste,0,Linea Mini,
18,8,,36,Niche Zero,20,Candlestick - Guatemala,0,waste,0,Linea Mini,
18,8,,36,Niche Zero,20,Candlestick - Guatemala,0,waste,0,Linea Mini,
18,6,,36,Niche Zero,23,Candlestick - Costa Rica,0,waste,0,Linea Mini,
18,6,,36,Niche Zero,23,Candlestick - Costa Rica,0,waste,0,Linea Mini,
18,7,,36,Niche Zero,22,Candlestick - Costa Rica,0,waste,0,Linea Mini,
18,6,,36,Niche Zero,22,Candlestick - Costa Rica,0,waste,0,Linea Mini,
18,7,,36,Niche Zero,21,Candlestick - Costa Rica,0,waste,0,Linea Mini,
18,32,,36,MC3,9.25,Onyx - Decaf Ethiopian Guji Natural,7,spro,2,Linea Mini,
18,54,,36,MC3,9.25,Onyx - Geometry,0,waste,0,Linea Mini,
18,53,,36,MC3,9.25,Onyx - Geometry,0,waste,0,Linea Mini,
18,32,,36,MC3,9.625,Madcap - Third Coast,7,spro,2,Linea Mini,
18,28,,36,MC3,9.625,Madcap - Third Coast,7,spro,2,Linea Mini,
18,10,,36,Niche Zero,20,Onyx - Decaf Ethiopian Guji Natural,0,waste,0,Linea Mini,
18,24,,36,MC3,9.75,Madcap - Third Coast,5,spro,2,Linea Mini,
18,28,,36,MC3,9.625,Madcap - Third Coast,7,spro,2,Linea Mini,
18,12,,36,Niche Zero,20,Onyx - Decaf Ethiopian Guji Natural,0,waste,0,Linea Mini,
18,12,,36,Niche Zero,19.5,Onyx - Decaf Ethiopian Guji Natural,0,waste,0,Linea Mini,
18,8,,36,MC3,15,Onyx - Decaf Ethiopian Guji Natural,0,waste,0,Linea Mini,
18,10,,36,MC3,14,Onyx - Decaf Ethiopian Guji Natural,0,waste,0,Linea Mini,
18,14,,36,MC3,13,Onyx - Decaf Ethiopian Guji Natural,0,waste,0,Linea Mini,
18,60,,15,MC3,7.5,Onyx - Geometry,0,waste,0,Linea Mini,
18,60,,27,MC3,8,Onyx - Geometry,0,waste,0,Linea Mini,
18,60,,28,MC3,8.5,Onyx - Geometry,0,waste,0,Linea Mini,
18,43,,36,MC3,9.25,Onyx - Geometry,6,spro,2,Linea Mini,
18,38,,36,MC3,9.75,Onyx - Geometry,6,spro,2,Linea Mini,
18,46,,36,MC3,9,Onyx - Geometry,6,spro,2,Linea Mini,
18,25,29±4,36,MC3,9.625,Madcap - Third Coast,5,spro,2,Linea Mini,
18,27,36±5,36,MC3,9.5,Madcap - Third Coast,6,spro,2,Linea Mini,
18,27,29±4,36,MC3,9.25,Madcap - Third Coast,6,spro,2,Linea Mini,
,,37±4,,MC3,8.5,PMC - Elida Green Tip Geisha ASD,,prediction,0,Linea Mini,
,,35±4,,MC3,8,PMC - Elida Green Tip Geisha ASD,,prediction,0,Linea Mini,
18,20,,36,MC3,9,PMC - Elida Green Tip Geisha ASD,4,spro,2,Linea Mini,
18,25,34±4,36,MC3,8.25,PMC - Elida Green Tip Geisha ASD,8,spro,2,Linea Mini,
18,33,38±1,36,MC3,7.75,PMC - Elida Green Tip Geisha ASD,8,spro,2,Linea Mini,
18,33,33±4,36,MC3,7.75,PMC - Elida Green Tip Geisha ASD,9,spro,2,Linea Mini,
18,23,30±2,36,MC3,9.25,Madcap - Third Coast,6,spro,2,Linea Mini,
18,26,29±3,36,MC3,9,Madcap - Third Coast,7,spro,2,Linea Mini,
18,34,37±4,36,MC3,7.87,PMC - Elida Green Tip Geisha ASD,8,spro,2,Linea Mini,
18,34,33±3,36,MC3,8.75,Madcap - Third Coast,7,spro,2,Linea Mini,
18,34,,36,MC3,8.87,Madcap - Third Coast,7,spro,2,Linea Mini,
18,35,,36,MC3,9,Madcap - Third Coast,7,spro,2,Linea Mini,
18,35,,36,MC3,9,Madcap - Third Coast,7,spro,2,Linea Mini,
,,27±4,,MC3,9.25,Onyx - Decaf Ethiopian Guji Natural,,prediction,0,Linea Mini,
18,34,31±3,36,MC3,9.25,Onyx - Decaf Ethiopian Guji Natural,7,spro,2,Linea Mini,
18,36,34±3,36,MC3,9,Madcap - Third Coast,6,spro,2,Linea Mini,
,,31±4,,MC3,9,Brandywine - Panama CCD Static Cherry,,prediction,0,Linea Mini,
18,26,31±4,36,MC3,9,Brandywine - Panama CCD Static Cherry,5,spro,2,Linea Mini,
18,28,33±3,36,MC3,9.25,Madcap - Third Coast,6,spro,2,Linea Mini,
18,30,30±3,36,MC3,9.25,Madcap - Third Coast,7,spro,2,Linea Mini,
18,33,33±6,36,MC3,9.1,Madcap - Third Coast,7,spro,2,Linea Mini,
18,34,31±7,36,MC3,9,Madcap - Third Coast,7,spro,2,Linea Mini,2020-12-11T14:39:20Z
18,31,30±3,36,MC3,9.25,Madcap - Third Coast,8,spro,2,Linea Mini,2020-12-11T14:48:34Z
18,28,31±5,36,MC3,9.25,Madcap - Third Coast,8,spro,2,Linea Mini,2020-12-11T15:05:02Z
18,30,31±5,36,MC3,9.25,Madcap - Third Coast,8,spro,2,Linea Mini,2020-12-11T15:12:56Z
18,32,35±4,36,MC3,9.25,Madcap - Third Coast,8,spro,2,Linea Mini,2020-12-12T14:52:40Z
18,50,29±2,36,MC3,8.25,Candlestick - Costa Rica,2,spro,2,Linea Mini,2020-12-12T14:53:05Z
18,33,,36,MC3,9.25,Candlestick - Costa Rica,6,spro,2,Linea Mini,2020-12-12T15:11:06Z
18,32,,36,MC3,9.25,Candlestick - Costa Rica,7,spro,2,Linea Mini,2020-12-12T15:11:24Z
18,26,31±4,36,MC3,9,Brandywine - Panama CCD Static Cherry,5,spro,2,Linea Mini,2020-12-12T15:22:00Z
18,25,,36,MC3,9.25,Candlestick - Costa Rica,7,spro,2,Linea Mini,2020-12-13T14:46:06Z
18,49,,36,MC3,9.25,Onyx - Geometry,6,spro,2,Linea Mini,2020-12-13T14:51:23Z
,,28±3,36,MC3,10,Onyx - Geometry,0,prediction,0,Linea Mini,
18,31,35±4,36,MC3,10,Onyx - Geometry,6,spro,2,Linea Mini,2020-12-13T15:43:05Z
18,36,36±2,36,MC3,10,Onyx - Geometry,6,spro,2,Linea Mini,2020-12-13T15:43:11Z
18,40,,36,MC3,8,Amazon Basic - Just Bright,0,waste,0,Linea Mini,2020-12-13T18:34:36Z
18,29,,36,MC3,8,Amazon Basic - Just Bright,0,waste,0,Linea Mini,2020-12-13T18:45:31Z
18,37,,36,MC3,8,Amazon Basic - Just Bright,0,waste,0,Linea Mini,2020-12-13T18:45:33Z
18,40,,36,MC3,8,Amazon Basic - Just Bright,0,waste,0,Linea Mini,2020-12-13T18:50:46Z
18,36,,36,MC3,7.75,Amazon Basic - Just Bright,0,waste,0,Linea Mini,2020-12-13T19:03:27Z
18,56,,36,MC3,7.75,Amazon Basic - Just Bright,0,waste,0,Linea Mini,2020-12-13T19:03:31Z
18,36,,36,MC3,7.75,Amazon Basic - Just Bright,0,waste,0,Linea Mini,2020-12-13T19:09:21Z
18,35,,36,MC3,7.75,Amazon Basic - Just Bright,0,waste,0,Linea Mini,2020-12-13T19:14:51Z
18,47,,36,MC3,7.75,Amazon Basic - Just Bright,0,waste,0,Linea Mini,2020-12-13T19:38:10Z
18,40,,36,MC3,7.75,Amazon Basic - Just Bright,0,waste,0,Linea Mini,2020-12-13T19:45:00Z
18,35,,36,MC3,7.75,Amazon Basic - Just Bright,0,waste - I think this coffee was post-roast mixed,0,Linea Mini,2020-12-13T19:47:00Z
18,43,,36,MC3,7.75,Amazon Basic - Columbian Medium,0,waste ,0,Linea Mini,2020-12-13T20:11:11Z
18,47,,36,MC3,7.75,Amazon Basic - Columbian Medium,0,waste ,0,Linea Mini,2020-12-13T20:14:11Z
18,30,,36,MC3,9.25,Candlestick - Costa Rica,7,spro,2,Linea Mini,2020-12-13T20:25:11Z
18,48,,36,MC3,7.75,Amazon Basic - Columbian Medium,0,waste ,0,Linea Mini,2020-12-13T22:08:07Z
18,40,,36,MC3,7.75,Amazon Basic - Columbian Medium,0,waste ,0,Linea Mini,2020-12-13T22:16:11Z
18,48,,36,MC3,7.75,Amazon Basic - Columbian Medium,0,waste ,0,Linea Mini,2020-12-13T22:27:30Z
18,30,,36,MC3,9.25,Candlestick - Costa Rica,7,spro,2,Linea Mini,2020-12-14T14:38:24Z
18,30,,36,MC3,8.75,Brandywine - Panama CCD Static Cherry,8,spro,2,Linea Mini,2020-12-14T14:38:37Z
18,28,,36,MC3,8.75,Brandywine - Panama CCD Static Cherry,8,spro,2,Linea Mini,2020-12-14T15:04:05Z
18,31,,36,MC3,8.75,Brandywine - Panama CCD Static Cherry,8,spro,2,Linea Mini,2020-12-14T15:08:00Z
18,49,,36,MC3,9.25,Onyx - Decaf Ethiopian Guji Natural,8,spro,2,Linea Mini,2020-12-14T22:06:42Z
18,40,,36,MC3,9.25,Onyx - Decaf Ethiopian Guji Natural,8,spro,2,Linea Mini,2020-12-14T22:10:27Z
18,30,,36,MC3,9.25,Candlestick - Costa Rica,6,spro,2,Linea Mini,2020-12-15T14:33:11Z
18,31,,36,MC3,9.25,Candlestick - Guatemala,6,spro,2,Linea Mini,2020-12-16T14:04:05Z
18,30,,36,MC3,8.75,Brandywine - Panama CCD Static Cherry,7,spro,2,Linea Mini,2020-12-16T14:20:32Z
18,28,,36,MC3,8.75,Brandywine - Panama CCD Static Cherry,7,spro,2,Linea Mini,2020-12-16T14:43:05Z
18,29,,36,MC3,9.25,Candlestick - Guatemala,6,spro,2,Linea Mini,2020-12-17T14:45:20Z
18,36,,36,MC3,9.5,Onyx - Decaf Ethiopian Guji Natural,8,spro,2,Linea Mini,2020-12-17T14:45:23Z
18,29,,36,MC3,9.25,Candlestick - Costa Rica,6,spro,2,Linea Mini,2020-12-17T14:45:31Z
18,28,,36,MC3,9.25,Candlestick - Costa Rica,6,spro,2,Linea Mini,2020-12-18T14:05:26Z
18,36,,36,MC3,9.5,Onyx - Decaf Ethiopian Guji Natural,8,spro,2,Linea Mini,2020-12-18T14:06:03Z
18,30,,36,MC3,9.25,Candlestick - Costa Rica,7,spro,2,Linea Mini,2020-12-18T14:26:50Z
18,30,,36,MC3,9.75,Onyx - Decaf Ethiopian Guji Natural,8,spro,2,Linea Mini,2020-12-18T14:39:05Z
18,47,,36,MC3,10,Onyx - Geometry,4,spro,2,Linea Mini,2020-12-19T14:21:26Z
18,33,,36,MC3,9.75,Onyx - Decaf Ethiopian Guji Natural,7,spro,2,Linea Mini,2020-12-19T14:49:09Z
18,30,,36,MC3,9.75,Onyx - Decaf Ethiopian Guji Natural,7,spro,2,Linea Mini,2020-12-19T14:49:22Z
18,34,30±4,36,MC3,9.75,Onyx - Decaf Ethiopian Guji Natural,7,spro,2,Linea Mini,2020-12-19T14:49:41Z
18,28,,36,MC3,9.25,Candlestick - Costa Rica,7,spro,2,Linea Mini,2020-12-19T20:49:41Z
18,40,,36,MC3,9.25,Madcap - Third Coast,7,spro,2,Linea Mini,2020-12-20T15:10:28Z
18,37,,36,MC3,9.5,Madcap - Third Coast,7,spro,2,Linea Mini,2020-12-20T15:13:54Z
18,31,,36,MC3,9.5,Madcap - Third Coast,7,spro,2,Linea Mini,2020-12-20T15:35:04Z
18,30,,36,MC3,9.5,Madcap - Third Coast,7,spro,2,Linea Mini,2020-12-20T15:42:37Z
18,49,,36,MC3,7.825,Amazon Basic - Columbian Medium,0,waste ,0,Linea Mini,2020-12-20T19:58:43Z
18,49,,36,MC3,7.825,Amazon Basic - Columbian Medium,0,waste ,0,Linea Mini,2020-12-20T20:12:47Z
18,42,,36,MC3,7.8,Amazon Basic - Columbian Medium,0,waste ,0,Linea Mini,2020-12-20T20:12:51Z
18,43,,36,MC3,7.8,Amazon Basic - Columbian Medium,0,waste ,0,Linea Mini,2020-12-20T20:22:30Z
18,46,,36,MC3,7.8,Amazon Basic - Columbian Medium,0,waste ,0,Linea Mini,2020-12-20T20:41:39Z
18,45,,36,MC3,7.75,Amazon Basic - Columbian Medium,0,waste ,0,Linea Mini,2020-12-20T20:48:18Z
18,55,,36,MC3,7.625,Amazon Basic - Columbian Medium,0,waste ,0,Linea Mini,2020-12-20T20:57:02Z
18,60,,36,MC3,7.625,Amazon Basic - Columbian Medium,0,waste ,0,Linea Mini,2020-12-20T20:57:10Z
18,56,,36,MC3,7.625,Amazon Basic - Columbian Medium,0,waste ,0,Linea Mini,2020-12-20T21:02:50Z
18,30,,36,MC3,9.5,Madcap - Third Coast,7,spro,2,Linea Mini,2020-12-21T15:29:53Z
18,30,,36,MC3,9.5,Madcap - Third Coast,7,spro,2,Linea Mini,2020-12-21T15:29:56Z
18,32,,36,MC3,9.5,Madcap - Third Coast,7,spro,2,Linea Mini,2020-12-21T15:30:04Z
18,30,,36,MC3,9.5,Madcap - Third Coast,7,spro,2,Linea Mini,2020-12-21T15:35:04Z
18,31,,36,MC3,9.5,Madcap - Third Coast,7,spro,2,Linea Mini,2020-12-22T15:37:04Z
18,36,,36,MC3,9.5,Onyx - Decaf Ethiopian Guji Natural,7,spro,2,Linea Mini,2020-12-22T15:41:35Z
18,36,,36,MC3,9.5,Onyx - Decaf Ethiopian Guji Natural,7,spro,2,Linea Mini,2020-12-22T16:05:56Z
19,36,,36,MC3,9.5,Onyx - Decaf Ethiopian Guji Natural,7,spro,1.894736842,Linea Mini,2020-12-22T21:58:00Z
18,27,,36,MC3,9.5,Madcap - Third Coast,7,spro,2,Linea Mini,2020-12-22T21:59:37Z
18,32,,36,MC3,9.325,Madcap - Third Coast,8,spro,2,Linea Mini,2020-12-23T15:15:16Z
18,31,,36,MC3,9.325,Madcap - Third Coast,8,spro,2,Linea Mini,2020-12-23T15:19:21Z
18,30,,36,MC3,9.325,Madcap - Third Coast,8,spro,2,Linea Mini,2020-12-23T15:21:25Z
18,31,,36,MC3,9.325,Madcap - Third Coast,8,spro,2,Linea Mini,2020-12-23T15:29:11Z
18,33,,36,MC3,9.325,Madcap - Third Coast,8,spro,2,Linea Mini,2020-12-23T15:44:09Z
18,37,,36,MC3,9.25,Madcap - Third Coast,7,spro,2,Linea Mini,2020-12-24T15:15:34Z
18,33,,36,MC3,9.25,Madcap - Third Coast,7,spro,2,Linea Mini,
18,30,,36,MC3,9.5,Onyx - Decaf Ethiopian Guji Natural,7,spro,2,Linea Mini,
18,5,,36,MC3,15,Amazon Basic - Columbian Medium,0,waste,2,Linea Mini,
18,6,,36,MC3,15,Amazon Basic - Columbian Medium,0,waste,2,Linea Mini,
18,6,,36,MC3,15,Amazon Basic - Columbian Medium,0,waste,2,Linea Mini,
18,5,,36,MC3,14,Amazon Basic - Columbian Medium,0,waste,2,Linea Mini,
18,7,,36,MC3,13,Amazon Basic - Columbian Medium,0,waste,2,Linea Mini,
18,8,,36,MC3,12.5,Amazon Basic - Columbian Medium,0,waste,2,Linea Mini,
18,7,,36,MC3,12.5,Amazon Basic - Columbian Medium,0,waste,2,Linea Mini,
18,7,,36,MC3,12.5,Amazon Basic - Columbian Medium,0,waste,2,Linea Mini,
18,8,,36,MC3,11.5,Amazon Basic - Columbian Medium,0,waste,2,Linea Mini,
18,7,,36,MC3,11.5,Amazon Basic - Columbian Medium,0,waste,2,Linea Mini,
18,14,,36,MC3,10.5,Amazon Basic - Columbian Medium,0,waste,2,Linea Mini,
18,12,,36,MC3,10.5,Amazon Basic - Columbian Medium,0,waste,2,Linea Mini,
18,12,,36,MC3,10.5,Amazon Basic - Columbian Medium,0,waste,2,Linea Mini,
18,12,,36,MC3,10.5,Amazon Basic - Columbian Medium,0,waste,2,Linea Mini,
18,12,,36,MC3,10.5,Amazon Basic - Columbian Medium,0,waste,2,Linea Mini,
18,16,,36,MC3,9.5,Amazon Basic - Columbian Medium,0,waste,2,Linea Mini,
18,20,,36,MC3,9.5,Amazon Basic - Columbian Medium,0,waste,2,Linea Mini,
18,17,,36,MC3,9.5,Amazon Basic - Columbian Medium,0,waste,2,Linea Mini,
18,21,,36,MC3,9.325,Amazon Basic - Columbian Medium,0,waste,2,Linea Mini,
18,23,,36,MC3,9.325,Amazon Basic - Columbian Medium,0,waste,2,Linea Mini,
18,17,,36,MC3,9.5,Amazon Basic - Columbian Medium,0,waste,2,Linea Mini,
18,21,,36,MC3,9.4,Amazon Basic - Columbian Medium,0,waste,2,Linea Mini,
18,31,,36,MC3,9.25,Madcap - Third Coast,7,spro,2,Linea Mini,2020-12-25T14:18:57Z
18,32,,36,MC3,9.25,Madcap - Third Coast,6,spro,2,Linea Mini,2020-12-25T14:28:43Z
18,34,,36,MC3,9.25,Madcap - Third Coast,6,spro,2,Linea Mini,
18,32,,36,MC3,9.25,Madcap - Third Coast,5,spro,2,Linea Mini,2020-12-25T14:50:44Z
18,32,,36,MC3,9.25,Madcap - Third Coast,7,spro,2,Linea Mini,2020-12-26T15:17:52Z
18,33,,36,MC3,9.25,Madcap - Third Coast,7,spro,2,Linea Mini,
18,42,,36,MC3,9.25,Madcap - Third Coast,5,spro - frozen beans,2,Linea Mini,2020-12-26T15:43:50Z
18,30,,36,Niche Zero,7.5,Amazon Basic - Just Bright,0,waste - no images,0,Linea Mini,2020-12-26T20:00:09Z
18,38,,36,Niche Zero,7.5,Amazon Basic - Just Bright,0,waste,0,Linea Mini,
18,43,,36,Niche Zero,7.5,Amazon Basic - Just Bright,0,waste,0,Linea Mini,
18,41,,36,Niche Zero,7.5,Amazon Basic - Just Bright,0,waste,0,Linea Mini,
18,39,,36,Niche Zero,7.5,Amazon Basic - Just Bright,0,waste,0,Linea Mini,
18,39,,36,Niche Zero,7,Amazon Basic - Just Bright,0,waste,0,Linea Mini,
18,60,,36,Niche Zero,7,Amazon Basic - Just Bright,0,waste - no images,0,Linea Mini,
18,42,,36,Niche Zero,7,Amazon Basic - Just Bright,0,waste,0,Linea Mini,
18,40,,36,Niche Zero,7,Amazon Basic - Just Bright,0,waste,0,Linea Mini,
18,40,,36,Niche Zero,7,Amazon Basic - Just Bright,0,waste,0,Linea Mini,
18,40,,36,Niche Zero,7,Amazon Basic - Just Bright,0,waste,0,Linea Mini,
18,39,,36,Niche Zero,7,Amazon Basic - Just Bright,0,waste,0,Linea Mini,
18,40,,36,Niche Zero,6.5,Amazon Basic - Just Bright,0,waste,0,Linea Mini,
18,60,,36,Niche Zero,6.5,Amazon Basic - Just Bright,0,waste - no images,0,Linea Mini,
18,52,,36,Niche Zero,6.5,Amazon Basic - Just Bright,0,waste,0,Linea Mini,
18,60,,36,Niche Zero,6.5,Amazon Basic - Just Bright,0,waste - no images,0,Linea Mini,
18,52,,36,Niche Zero,6.5,Amazon Basic - Just Bright,0,waste,0,Linea Mini,
18,52,,36,Niche Zero,6.5,Amazon Basic - Just Bright,0,waste,0,Linea Mini,
18,55,,36,Niche Zero,6.5,Amazon Basic - Just Bright,0,waste,0,Linea Mini,
18,55,,36,Niche Zero,6.5,Amazon Basic - Just Bright,0,waste,0,Linea Mini,
18,33,,36,MC3,9.125,Madcap - Third Coast,6,spro,2,Linea Mini,2020-12-27T14:51:01Z
18,31,,36,MC3,9.125,Madcap - Third Coast,6,spro,2,Linea Mini,2020-12-27T14:59:48Z
18,34,,36,MC3,9.125,Onyx - Decaf Ethiopian Guji Natural,6,spro,2,Linea Mini,2020-12-27T15:12:15Z
18,29,,36,MC3,9,Madcap - Third Coast,6,spro,2,Linea Mini,
,,35±5,36,MC3,9,Corvus - Manzana,,prediction,0,Linea Mini,
18,19,,36,MC3,8.5,Corvus - Manzana,0,spro,2,Linea Mini,2020-12-28T20:05:25Z
18,36,,46,MC3,8.5,Corvus - Manzana,8,spro - no images,2,Linea Mini,
18,39,,36,MC3,6.75,Corvus - Manzana,7,spro,2,Linea Mini,
18,36,,36,MC3,7,Corvus - Manzana,9,spro,2,Linea Mini,
18,37,,36,Niche Zero,6.75,Amazon Basic - Just Bright,0,waste,0,Linea Mini,
18,36,,36,Niche Zero,6.75,Amazon Basic - Just Bright,0,waste,0,Linea Mini,
18,39,,36,Niche Zero,6.75,Amazon Basic - Just Bright,0,waste,0,Linea Mini,
18,47,,36,Niche Zero,6.75,Amazon Basic - Just Bright,0,waste,0,Linea Mini,
18,43,,36,Niche Zero,6.75,Amazon Basic - Just Bright,0,waste,0,Linea Mini,
18,41,,36,Niche Zero,6.75,Amazon Basic - Just Bright,0,waste,0,Linea Mini,
18,37,,36,MC3,7,Corvus - Manzana,8,spro,2,Linea Mini,
18,39,,36,MC3,7,Corvus - Manzana,7,spro,2,Linea Mini,
18,31,,36,Niche Zero,10.5,Madcap - Third Coast,6,spro,2,Linea Mini,
18,30,,36,Niche Zero,10.5,Madcap - Third Coast,6,spro,2,Linea Mini,
18,29,,36,Niche Zero,10.5,Madcap - Third Coast,6,spro,2,Linea Mini,
18,31,,36,Niche Zero,10.5,Madcap - Third Coast,6,spro,2,Linea Mini,
,,30±6,36,MC3,8,PMC - Ethiopian Supernatural,,prediction - base model,0,Linea Mini,2020-12-31T21:05:13Z
,,30±6,36,MC3,8,PMC - Ethiopian Supernatural,,prediction - 0.4 model,0,Linea Mini,
18,47,,36,MC3,8,PMC - Ethiopian Supernatural,7,spro,2,Linea Mini,
18,40,,36,MC3,8.5,PMC - Ethiopian Supernatural,8,spro,2,Linea Mini,
18,30,,36,MC3,9,PMC - Ethiopian Supernatural,6,spro,2,Linea Mini,
18,30,,36,Niche Zero,10.5,Madcap - Third Coast,6,spro - no images,2,Linea Mini,
18,30,,36,Niche Zero,10.5,Madcap - Third Coast,6,spro - no images,2,Linea Mini,
18,29,,36,Niche Zero,10.5,Madcap - Third Coast,6,spro - no images,2,Linea Mini,
18,28,,36,MC3,9,PMC - Ethiopian Supernatural,5,spro - no images,0,Linea Mini,
18,36,,36,Niche Zero,10,Madcap - Third Coast,6,spro - no images,2,Linea Mini,
18,41,,36,Niche Zero,10,Madcap - Third Coast,7,spro,2,Linea Mini,
18,36,,36,Niche Zero,10,Madcap - Third Coast,6,spro - no images,2,Linea Mini,
18,38,,36,Niche Zero,10,Madcap - Third Coast,7,spro,2,Linea Mini,
18,28,,36,Niche Zero,12,Barrington - Gold,6,spro,2,Linea Mini,
18,29,,36,Niche Zero,12,Barrington - Gold,6,spro,2,Linea Mini,
18,29,,36,Niche Zero,12,Barrington - Gold,6,spro,2,Linea Mini,
18,30,,36,Niche Zero,12,Barrington - Gold,6,spro,2,Linea Mini,
,,33±5,36,MC3,9,PMC - Panama Hartmann Estate African Bonga,,prediction - base model,0,Linea Mini,2021-01-07T19:21:28Z
,,32±1,36,MC3,9,PMC - Panama Hartmann Estate African Bonga,,prediction - 0.4 model,0,Linea Mini,
18,26,,36,MC3,9,PMC - Panama Hartmann Estate African Bonga,8,spro,2,Linea Mini,
18,26,,36,Niche Zero,12,Barrington - Gold,6,spro,2,Linea Mini,
18,28,,36,MC3,8.5,PMC - Panama Hartmann Estate African Bonga,4,spro - no images,0,Linea Mini,
18,30,,36,Niche Zero,12,Barrington - Gold,6,spro,2,Linea Mini,
18,25,,36,MC3,8.5,PMC - Panama Hartmann Estate African Bonga,4,spro - no images,0,Linea Mini,
18,32,,36,Niche Zero,11.5,Barrington - Gold,6,spro,2,Linea Mini,
18,37,,36,MC3,8,PMC - Panama Hartmann Estate African Bonga,7,spro,2,Linea Mini,
18,36,,36,MC3,8,PMC - Panama Hartmann Estate African Bonga,8,spro,2,Linea Mini,
18,29,,36,Niche Zero,11,Barrington - Gold,6,spro,2,Linea Mini,
18,41,,36,MC3,8.75,Candlestick - Columbia,0,spro - no images,2,Linea Mini,2021-01-11T03:25:44Z
18,33,,36,MC3,8.75,Candlestick - Columbia,0,waste - no images,2,Linea Mini,2021-01-11T03:25:52Z
18,32,,36,MC3,8.75,Candlestick - Columbia,0,waste - no images,2,Linea Mini,
18,30,,36,MC3,8.75,Candlestick - Columbia,0,waste - no images,2,Linea Mini,
18,37,,36,MC3,8.75,Candlestick - Columbia,0,waste - no images,2,Linea Mini,
18,31,,36,MC3,8.75,Candlestick - Columbia,0,waste - no images,2,Linea Mini,
18,37,,36,MC3,8.75,Candlestick - Columbia,0,waste - no images,2,Linea Mini,
18,37,,36,MC3,8.75,Candlestick - Columbia,0,waste - no images,2,Linea Mini,
18,35,,36,MC3,8.75,Candlestick - Columbia,0,waste - no images,2,Linea Mini,
18,38,,36,MC3,8.75,Candlestick - Columbia,0,waste - no images,2,Linea Mini,
18,34,,36,MC3,8.75,Candlestick - Columbia,0,waste - no images,2,Linea Mini,
18,31,,36,MC3,8.75,Candlestick - Columbia,0,waste - no images,2,Linea Mini,
18,32,,36,MC3,8.75,Candlestick - Columbia,0,waste - no images,2,Linea Mini,
18,20,,36,MC3,8.75,Candlestick - Columbia,0,waste - no images,2,Linea Mini,
18,22,,36,MC3,8.75,Candlestick - Columbia,0,waste - no images,2,Linea Mini,
18,35,,36,MC3,8.75,Candlestick - Columbia,0,waste - no images,2,Linea Mini,
18,23,,36,MC3,8.75,Candlestick - Columbia,0,waste - no images,2,Linea Mini,
18,24,,36,MC3,8.75,Candlestick - Columbia,0,waste - no images,2,Linea Mini,
18,28,,36,MC3,8.75,Candlestick - Columbia,0,waste - no images,2,Linea Mini,
18,27,,36,MC3,8.75,Candlestick - Columbia,0,waste - no images,2,Linea Mini,
18,36,,36,Niche Zero,10.5,Barrington - Gold,6,spro,2,Linea Mini,
,,29±4,36,MC3,8.75,Vesta - Costa Rica Carlos Montero Honey,0,prediction - base model,0,Linea Mini,2021-01-11T14:42:29Z
18,25,,36,MC3,8.75,Vesta - Costa Rica Carlos Montero Honey,0,spro,2,Linea Mini,
18,20,,36,MC3,8.5,Vesta - Costa Rica Carlos Montero Honey,0,spro - no images,0,Linea Mini,
18,41,,36,MC3,8.25,Vesta - Costa Rica Carlos Montero Honey,7,spro,2,Linea Mini,
18,34,,36,Niche Zero,10.5,Barrington - Gold,5,spro,2,Linea Mini,
18,42,,36,MC3,8.25,Vesta - Costa Rica Carlos Montero Honey,6,spro,2,Linea Mini,
18,33,,36,MC3,8.25,Vesta - Costa Rica Carlos Montero Honey,1,spro - no images,0,Linea Mini,
18,46,,36,MC3,8.25,Vesta - Costa Rica Carlos Montero Honey,8,spro,2,Linea Mini,
18,26,,36,Niche Zero,10.5,Barrington - Gold,6,spro,2,Linea Mini,
18,55,,36,Niche Zero,10.5,Barrington - 413,4,spro,2,Linea Mini,2021-01-13T14:58:10Z
18,30,,36,Niche Zero,12,Barrington - 413,4,spro - no images,2,Linea Mini,
18,37,,36,MC3,8.25,Vesta - Costa Rica Carlos Montero Honey,9,spro,2,Linea Mini,
18,37,,36,MC3,8.25,Vesta - Costa Rica Carlos Montero Honey,9,spro,2,Linea Mini,
18,29,,36,Niche Zero,12,Barrington - 413,7,spro,2,Linea Mini,
18,20,,36,MC3,8.25,Vesta - Costa Rica Carlos Montero Honey,0,spro - no images,0,Linea Mini,
18,45,,36,MC3,8.25,Vesta - Costa Rica Carlos Montero Honey,0,spro,2,Linea Mini,
18,40,,36,Niche Zero,12,Barrington - 413,4,spro - no images,2,Linea Mini,
18,31,,36,Niche Zero,12,Barrington - 413,4,spro - no images,2,Linea Mini,
18,29,,36,Niche Zero,12,Barrington - 413,4,spro - no images,2,Linea Mini,
18,43,,36,MC3,8.25,Vesta - Costa Rica Carlos Montero Honey,6,spro,2,Linea Mini,
18,42,,36,MC3,8.25,Vesta - Costa Rica Carlos Montero Honey,8,spro,2,Linea Mini,
18,44,,36,MC3,8.25,Vesta - Costa Rica Carlos Montero Honey,7,spro,2,Linea Mini,
,,,36,MC3,8.25,PMC - Panama Hartmann Estate African Bonga,0,prediction - base model,0,Linea Mini,2021-01-17T14:52:07Z
18,23,35±4,36,MC3,8.25,PMC - Panama Hartmann Estate African Bonga,0,spro - no images (channeling),0,Linea Mini,
18,33,,36,Niche Zero,12,Barrington - 413,4,spro - no images,2,Linea Mini,
18,20,,36,MC3,8.25,PMC - Panama Hartmann Estate African Bonga,0,spro - no images (channeling),0,Linea Mini,
18,33,,36,Niche Zero,12,Barrington - 413,4,spro - no images,2,Linea Mini,
18,28,,36,MC3,8.75,Candlestick - Columbia,0,waste - no images,2,Linea Mini,
18,27,,36,MC3,8.75,Candlestick - Columbia,0,waste - no images,2,Linea Mini,
18,21,,36,MC3,8.75,Candlestick - Columbia,0,waste - no images,2,Linea Mini,
18,37,,36,MC3,8.75,Candlestick - Columbia,0,waste - no images,2,Linea Mini,
18,29,,36,MC3,8.75,Candlestick - Columbia,0,waste - no images,2,Linea Mini,
18,32,,36,MC3,8.75,Candlestick - Columbia,0,waste - no images,2,Linea Mini,
18,29,,36,MC3,8.75,Candlestick - Columbia,0,waste - no images,2,Linea Mini,
18,33,,36,MC3,8.75,Candlestick - Columbia,0,waste - no images,2,Linea Mini,
18,35,,36,MC3,8.75,Candlestick - Columbia,0,waste - no images,2,Linea Mini,
18,38,,36,MC3,8.75,Candlestick - Columbia,0,waste - no images,2,Linea Mini,
18,37,,36,MC3,8.75,Candlestick - Columbia,0,waste - no images,2,Linea Mini,
18,30,,36,MC3,8.75,Candlestick - Columbia,0,waste - no images,2,Linea Mini,
18,40,,36,MC3,8.75,Candlestick - Columbia,0,waste - no images,2,Linea Mini,
18,23,,36,MC3,8.75,Candlestick - Columbia,0,waste - no images,2,Linea Mini,
18,39,,36,MC3,8.75,Candlestick - Columbia,0,waste - no images,2,Linea Mini,
18,28,,36,MC3,8.75,Candlestick - Columbia,0,waste - no images,2,Linea Mini,
18,31,,36,MC3,8.75,Candlestick - Columbia,0,waste - no images,2,Linea Mini,
18,26,,36,MC3,8.75,Candlestick - Columbia,0,waste - no images,2,Linea Mini,
18,31,,36,MC3,8.75,Candlestick - Columbia,0,waste - no images,2,Linea Mini,
18,26,,36,MC3,8.75,Candlestick - Columbia,0,waste - no images,2,Linea Mini,
18,37,,36,MC3,8.25,Vesta - Costa Rica Carlos Montero Honey,7,spro,2,Linea Mini,
18,31,,36,MC3,7.5,PMC - Panama Hartmann Estate African Bonga,5,spro,2,Linea Mini,
18,39,,36,Niche Zero,12,Barrington - 413,4,spro - no images,2,Linea Mini,
18,39,,36,MC3,8.25,Vesta - Costa Rica Carlos Montero Honey,7,spro,2,Linea Mini,
18,37,,36,MC3,8.25,Vesta - Costa Rica Carlos Montero Honey,7,spro,2,Linea Mini,
18,39,,36,MC3,8.25,Vesta - Costa Rica Carlos Montero Honey,8,spro,2,Linea Mini,
18,27,,36,MC3,7.25,PMC - Panama Hartmann Estate African Bonga,5,spro - no images,0,Linea Mini,
18,33,,36,Niche Zero,12,Barrington - 413,6,spro - no images,2,Linea Mini,
18,38,,36,MC3,7,PMC - Panama Hartmann Estate African Bonga,7,spro,2,Linea Mini,
18,33,,36,Niche Zero,12,Barrington - 413,6,spro - no images,2,Linea Mini,
18,36,,36,MC3,7,PMC - Panama Hartmann Estate African Bonga,7,spro,2,Linea Mini,
18,34,,36,Niche Zero,12,Barrington - 413,6,spro - no images,2,Linea Mini,
18,32,,36,Niche Zero,12,Barrington - 413,6,spro - no images,2,Linea Mini,
18,41,,36,MC3,7,PMC - Panama Hartmann Estate African Bonga,7,spro,2,Linea Mini,
18,34,,36,Niche Zero,12,Barrington - 413,6,spro - no images,2,Linea Mini,
18,38,,36,MC3,7,PMC - Panama Hartmann Estate African Bonga,7,spro,2,Linea Mini,
18,36,,36,MC3,7,PMC - Panama Hartmann Estate African Bonga,7,spro,2,Linea Mini,
18,30,,36,Niche Zero,12,Barrington - 413,6,spro - no images,2,Linea Mini,
18,35,,36,Niche Zero,12,Barrington - 413,6,spro - no images,2,Linea Mini,
18,37,,36,MC3,7,PMC - Panama Hartmann Estate African Bonga,7,spro,2,Linea Mini,
18,52,,36,MC3,7.75,Madcap - Third Coast,5,spro,2,Linea Mini,
18,55,,36,MC3,7.75,Madcap - Third Coast,4,spro,2,Linea Mini,
18,50,,36,MC3,7.75,Madcap - Third Coast,4,spro,2,Linea Mini,
18,53,,36,MC3,7.75,Madcap - Third Coast,5,spro,2,Linea Mini,
18,55,,36,MC3,7.75,Madcap - Third Coast,8,spro,2,Linea Mini,
18,58,,36,MC3,7.75,Madcap - Third Coast,4,spro,2,Linea Mini,
18,58,,36,MC3,7.75,Madcap - Third Coast,7,spro,2,Linea Mini,
18,28,,36,Niche Zero,12,Barrington - 413,5,spro - no images,2,Linea Mini,
18,56,,36,MC3,8,Madcap - Third Coast,5,spro,2,Linea Mini,
18,55,,36,MC3,8,Madcap - Third Coast,5,spro,2,Linea Mini,
18,42,,36,MC3,8,Madcap - Third Coast,5,spro,2,Linea Mini,
18,55,,36,MC3,8,Madcap - Third Coast,5,spro,2,Linea Mini,
18,55,,36,MC3,8,Madcap - Third Coast,5,spro - no images (RDT added),2,Linea Mini,
18,47,,36,MC3,8.25,Madcap - Third Coast,5,spro,2,Linea Mini,
18,43,,36,MC3,8.25,Madcap - Third Coast,5,spro,2,Linea Mini,
18,40,,36,MC3,8.25,Madcap - Third Coast,5,spro,2,Linea Mini,
18,35,,36,MC3,7,PMC - Panama Hartmann Estate African Bonga,7,spro - no images,0,Linea Mini,
18,54,,36,MC3,8.25,Madcap - Third Coast,6,spro - no images,2,Linea Mini,
18,40,,36,MC3,8.25,Madcap - Third Coast,5,spro,2,Linea Mini,
18,39,,36,MC3,8.25,Madcap - Third Coast,5,spro,2,Linea Mini,
18,44,,36,MC3,8.25,Madcap - Third Coast,5,spro,2,Linea Mini,
18,42,,36,MC3,8.25,Madcap - Third Coast,5,spro,2,Linea Mini,
18,49,,36,MC3,8.25,Madcap - Third Coast,5,spro,2,Linea Mini,
18,54,,36,MC3,8.25,Madcap - Third Coast,3,spro,2,Linea Mini,
18,45,,36,MC3,8.25,Madcap - Third Coast,6,spro,2,Linea Mini,
18,41,,36,MC3,8.25,Madcap - Third Coast,4,spro,2,Linea Mini,
18,63,,36,MC3,8.25,Candlestick - Columbia,7,spro - no images,2,Linea Mini,2021-01-29T14:50:35Z
18,49,,36,MC3,8.25,Madcap - Third Coast,4,spro,2,Linea Mini,
18,46,,36,MC3,8.25,Madcap - Third Coast,5,spro,2,Linea Mini,
18,46,,36,MC3,8.25,Madcap - Third Coast,5,spro,2,Linea Mini,
18,53,,36,MC3,8.25,Madcap - Third Coast,5,spro,2,Linea Mini,
18,57,,36,MC3,8.25,Madcap - Third Coast,5,spro,2,Linea Mini,
18,50,,36,MC3,8.25,Madcap - Third Coast,5,spro,2,Linea Mini,
18,48,,36,MC3,8.25,Madcap - Third Coast,5,spro,2,Linea Mini,
18,47,,36,MC3,8.25,Madcap - Third Coast,5,spro,2,Linea Mini,
18,56,,36,MC3,8.25,Madcap - Third Coast,5,spro - no images,2,Linea Mini,
18,46,,36,MC3,8.25,Madcap - Third Coast,5,spro,2,Linea Mini,
18,53,,36,MC3,8.25,Madcap - Third Coast,5,spro - no images,2,Linea Mini,
18,53,,36,MC3,8.25,Madcap - Third Coast,5,spro,2,Linea Mini,
18,52,,36,MC3,8.25,Madcap - Third Coast,5,spro,2,Linea Mini,
18,47,,36,MC3,8.25,Madcap - Third Coast,5,spro,2,Linea Mini,
18,47,,36,MC3,8.25,Candlestick - Columbia,5,spro,2,Linea Mini,2021-02-03T14:54:59Z
18,44,,36,MC3,8.25,Candlestick - Columbia,5,spro,2,Linea Mini,
18,45,,36,MC3,8.25,Candlestick - Columbia,5,spro,2,Linea Mini,
18,28,,36,MC3,7.75,PMC - Luito Geisha Panama,6,spro,2,Linea Mini,2021-02-04T14:59:21Z
18,38,,36,MC3,8.25,Candlestick - Columbia,5,spro - no images,2,Linea Mini,
18,39,,36,MC3,7.5,PMC - Luito Geisha Panama,7,spro,2,Linea Mini,2021-02-05T14:43:19Z
18,50,,36,MC3,8.25,Boomtown - Poas Honeyed Costa Rican,5,spro,2,Linea Mini,2021-02-06T14:07:26Z
18,42,,36,MC3,8.25,Boomtown - Poas Honeyed Costa Rican,5,spro,2,Linea Mini,
18,44,,36,MC3,8.25,Boomtown - Poas Honeyed Costa Rican,6,spro,2,Linea Mini,
18,46,,36,MC3,8.25,Boomtown - Poas Honeyed Costa Rican,6,spro,2,Linea Mini,
18,50,,36,MC3,8.25,Boomtown - Poas Honeyed Costa Rican,6,spro,2,Linea Mini,
18,38,,36,MC3,8.5,Boomtown - Poas Honeyed Costa Rican,6,spro,2,Linea Mini,
18,43,,36,MC3,8.5,Boomtown - Poas Honeyed Costa Rican,6,spro,2,Linea Mini,
18,40,,36,MC3,8.5,Boomtown - Poas Honeyed Costa Rican,7,spro,2,Linea Mini,
18,44,,36,MC3,8.5,Boomtown - Poas Honeyed Costa Rican,8,spro,2,Linea Mini,
18,34,,36,MC3,8.5,Boomtown - Poas Honeyed Costa Rican,8,spro,2,Linea Mini,
18,14,,36,Niche Zero,12,Blue Bottle - Winter Blooms,0,waste,2,Linea Mini,2021-02-08T15:24:21Z
18,25,,36,Niche Zero,10,Blue Bottle - Winter Blooms,0,waste,2,Linea Mini,
18,27,,36,Niche Zero,10,Blue Bottle - Winter Blooms,0,waste,2,Linea Mini,
18,28,,36,Niche Zero,10,Blue Bottle - Winter Blooms,0,waste,2,Linea Mini,
18,24,,36,Niche Zero,10,Blue Bottle - Winter Blooms,0,waste,2,Linea Mini,
18,27,,36,Niche Zero,10,Blue Bottle - Winter Blooms,0,waste,2,Linea Mini,
18,41,,36,MC3,8.5,Boomtown - Poas Honeyed Costa Rican,5,spro,2,Linea Mini,
18,22,,36,Niche Zero,10.5,Blue Bottle - Winter Blooms,0,waste,2,Linea Mini,
18,27,,36,Niche Zero,10.5,Candlestick - Columbia,0,waste,2,Linea Mini,2021-02-08T19:48:20Z
18,27,,36,Niche Zero,11.5,Candlestick - Columbia,0,waste,2,Linea Mini,
18,27,,36,Niche Zero,11.5,Candlestick - Columbia,0,waste,2,Linea Mini,2021-02-08T20:03:13Z
18,23,,36,Niche Zero,12,Candlestick - Columbia,0,waste,2,Linea Mini,2021-02-08T20:18:51Z
18,34,,36,MC3,8.5,Boomtown - Poas Honeyed Costa Rican,5,spro,2,Linea Mini,2021-02-09T14:59:34Z
18,36,,36,MC3,8.5,Boomtown - Poas Honeyed Costa Rican,5,spro,2,Linea Mini,2021-02-09T15:05:58Z
18,37,,36,MC3,8.5,Boomtown - Poas Honeyed Costa Rican,5,spro,2,Linea Mini,2021-02-09T15:25:11Z
18,20,,36,MC3,8.5,Onyx - Columbia Delagua Jesus Nunez Natural,1,spro,2,Linea Mini,2021-02-09T15:27:18Z
18,30,,36,MC3,8,Onyx - Columbia Delagua Jesus Nunez Natural,7,spro,2,Linea Mini,2021-02-09T15:37:13Z
18,24,,36,MC3,8,Onyx - Columbia Delagua Jesus Nunez Natural,5,spro,2,Linea Mini,2021-02-09T20:47:34Z
18,23,,36,MC3,8,Onyx - Columbia Delagua Jesus Nunez Natural,3,spro,2,Linea Mini,2021-02-10T14:28:58Z
18,33,41±3,36,MC3,7.75,Onyx - Columbia Delagua Jesus Nunez Natural,3,spro,2,Linea Mini,2021-02-10T14:40:32Z
18,23,42±2,36,MC3,7.75,Onyx - Columbia Delagua Jesus Nunez Natural,3,spro,2,Linea Mini,2021-02-10T14:52:59Z
18,29,,36,MC3,7.75,Onyx - Columbia Delagua Jesus Nunez Natural,6,spro,2,Linea Mini,2021-02-10T15:18:08Z
18,44,,36,MC3,6.75,Onyx - Columbia Delagua Jesus Nunez Natural,3,spro - no images,2,Linea Mini,2021-02-10T23:14:20Z
18,30,,36,MC3,7.75,Onyx - Columbia Delagua Jesus Nunez Natural,6,spro,2,Linea Mini,2021-02-10T23:20:29Z
18,31,,36,MC3,7.75,Onyx - Columbia Delagua Jesus Nunez Natural,7,spro,2,Linea Mini,2021-02-11T14:32:38Z
18,27,,36,MC3,7.75,Onyx - Columbia Delagua Jesus Nunez Natural,4,spro,2,Linea Mini,2021-02-11T14:37:40Z
18,28,,36,MC3,7.75,Onyx - Columbia Delagua Jesus Nunez Natural,4,spro,2,Linea Mini,2021-02-11T14:57:04Z
18,32,,36,MC3,7.75,Onyx - Columbia Delagua Jesus Nunez Natural,4,spro,2,Linea Mini,2021-02-11T15:02:12Z
18,31,,36,MC3,7.75,Onyx - Columbia Delagua Jesus Nunez Natural,4,spro,2,Linea Mini,2021-02-12T14:45:04Z
18,32,34±3,36,MC3,8.5,Boomtown - Spindletop,6,spro - no images,2,Linea Mini,2021-02-12T14:49:29Z
18,33,,36,MC3,8.5,Boomtown - Spindletop,7,spro,2,Linea Mini,2021-02-12T14:55:29Z
18,32,,36,MC3,8.5,Boomtown - Spindletop,7,spro,2,Linea Mini,2021-02-12T15:10:15Z
18,32,,36,MC3,8.5,Boomtown - Spindletop,5,spro,2,Linea Mini,
18,31,,36,MC3,8.5,Boomtown - Spindletop,6,spro,2,Linea Mini,2021-02-12T22:35:11Z
18,26,,36,MC3,8.5,Boomtown - Spindletop,4,spro,2,Linea Mini,2021-02-13T14:44:39Z
18,30,,36,MC3,8.5,Boomtown - Spindletop,6,spro,2,Linea Mini,2021-02-13T14:50:54Z
18,29,,36,MC3,8.5,Boomtown - Spindletop,6,spro,2,Linea Mini,2021-02-13T15:04:16Z
18,29,,36,MC3,7.75,PMC - Luito Geisha Panama,7,spro,2,Linea Mini,2021-02-13T15:10:21Z
18,27,,36,MC3,8.5,Boomtown - Spindletop,6,spro,2,Linea Mini,2021-02-14T15:02:15Z
18,33,,36,MC3,8.5,Boomtown - Spindletop,7,spro,2,Linea Mini,2021-02-14T15:05:41Z
18,27,,36,MC3,8.5,Boomtown - Spindletop,7,spro,2,Linea Mini,2021-02-14T15:28:04Z
18,36,,36,MC3,8.5,Boomtown - Spindletop,7,spro,2,Linea Mini,2021-02-14T15:34:49Z
18,19,,36,Vario-W,2W,Candlestick - Columbia,0,waste,2,Linea Mini,2021-02-14T15:40:01Z
18,19,,36,Vario-W,2W,Candlestick - Columbia,0,waste,2,Linea Mini,2021-02-14T15:40:01Z
18,20,,36,Vario-W,2V,Candlestick - Columbia,0,waste,2,Linea Mini,2021-02-14T16:06:18Z
18,24,,36,Vario-W,2V,Candlestick - Columbia,0,waste,2,Linea Mini,2021-02-14T16:59:14Z
18,19,,36,Vario-W,2V,Candlestick - Columbia,0,waste,2,Linea Mini,2021-02-14T17:10:01Z
18,18,,36,Vario-W,2V,Candlestick - Columbia,0,waste,2,Linea Mini,2021-02-14T17:14:44Z
18,19,,36,Vario-W,2V,Candlestick - Columbia,0,waste,2,Linea Mini,2021-02-14T17:18:47Z
18,18,,36,Vario-W,4B,Candlestick - Columbia,0,waste,2,Linea Mini,2021-02-14T17:35:47Z
18,7,,36,Vario-W,4J,Candlestick - Columbia,0,waste,2,Linea Mini,2021-02-14T17:40:24Z
18,11,,36,Vario-W,4E,Candlestick - Columbia,0,waste,2,Linea Mini,2021-02-14T17:45:58Z
18,17,,36,Vario-W,4B,Candlestick - Columbia,0,waste,2,Linea Mini,2021-02-14T17:51:43Z
18,12,,36,Vario-W,4D,Candlestick - Columbia,0,waste,2,Linea Mini,2021-02-14T17:56:43Z
18,11,,36,Vario-W,4C,Candlestick - Columbia,0,waste,2,Linea Mini,2021-02-14T18:01:27Z
18,13,,36,Vario-W,4C,Candlestick - Columbia,0,waste,2,Linea Mini,2021-02-14T18:08:48Z
18,12,,36,Vario-W,4C,Candlestick - Columbia,0,waste,2,Linea Mini,2021-02-14T18:14:54Z
18,12,,36,Vario-W,4B,Candlestick - Columbia,0,waste,2,Linea Mini,2021-02-14T18:28:02Z
18,13,,36,Vario-W,4B,Candlestick - Columbia,0,waste,2,Linea Mini,2021-02-14T18:28:06Z
18,29,40±4,36,MC3,8.375,PMC - Exploding Heart,6,spro,2,Linea Mini,2021-02-14T21:35:59Z
18,28,,36,MC3,8.5,Boomtown - Spindletop,7,spro,2,Linea Mini,2021-02-15T14:39:23Z
18,37,,36,MC3,8.5,Boomtown - Spindletop,7,spro,2,Linea Mini,2021-02-15T14:55:28Z
18,30,,36,MC3,8.25,PMC - Exploding Heart,6,spro,2,Linea Mini,2021-02-15T15:07:38Z
18,34,,36,MC3,8.25,Boomtown - Spindletop,6,spro,2,Linea Mini,2021-02-15T15:20:20Z
18,30,,36,MC3,8.25,PMC - Exploding Heart,6,spro,2,Linea Mini,2021-02-15T21:28:31Z
18,22,,36,Vario-W,4B,Candlestick - Columbia,0,waste,2,Linea Mini,2021-02-15T21:41:12Z